<core:FragmentDefinition
    xmlns="sap.m"
    xmlns:l="sap.ui.layout"
    xmlns:f="sap.ui.layout.form"
    xmlns:core="sap.ui.core">
 
    <Dialog title = "Templates">
    <l:Grid defaultSpan = "L12 M12 S12" width = "auto" >
    <l:content>
        <f:SimpleForm 
            minWidth="1024"
            maxContainerCols="2"
            editable="false"
            layout="ResponsiveGridLayout"
            title="List of available templates"
            labelSpanL="3"
            labelSpanM="3"
            emptySpanL="4"
            emptySpanM="4"
            columnsL="2"
            columnsM="2">
            <f:content>
            	
                <Button  text = "PO_CSV" press = "PO" type="Accept"  />
             
                 <Button  text = "ASN_CSV" press = "ASN" type="Emphasized"/>
             
                <Button  text = "GVMT_GR" press = "GVMT_GR" type="Accept" />
                <Button  text = "GVMT_GI" press = "GVMT_GI" type="Emphasized" />
             
               <Button  text = "INV_CSV" press = "INVE"  type="Accept"/>
             
                <!--<Button id="uddownload" text = "UD_CSV" press = "UD" type="Accept" />-->
                 <Button  text ="TR_CSV"  press = "TR" type="Emphasized" />
                 
            </f:content>
        </f:SimpleForm>
    </l:content>
    </l:Grid>
    <buttons>
    <Button  text = "Close" press = "closeDialog" type="Emphasized"/>
    <!--<Button text = "SAVE" press = "onSave" type = "Accept"/>-->
    </buttons>
    </Dialog>
</core:FragmentDefinition>