<core:FragmentDefinition xmlns="sap.m" xmlns:l="sap.ui.layout" xmlns:f="sap.ui.layout.form" xmlns:core="sap.ui.core" class="sapUiBodyBackground sapContrastPlus">
	<Dialog title="Documents Information">
		<List headerText="Success/Errors Messages" items="{/}">
			<StandardListItem title="{title}" counter="{counter}" description="{description}"/>
		</List>
	<beginButton>
		<Button text="close" icon="sap-icon://decline" press="close"/>
		<Button text="Close"  press="close" type = "Accept"/>
	</beginButton>
	</Dialog>
	
	<!--<Dialog title="Documents Information">-->
	<!--	<l:VerticalLayout-->
	<!--		class="sapUiContentPadding"-->
	<!--		width="100%">-->
	<!--	<l:content>-->
	<!--		<List id="notificationList" items="{path: '/', templateShareable : true}">-->
	<!--				<NotificationListGroup-->
	<!--						title="{title}"-->
	<!--						showCloseButton="{showCloseButton}"-->
	<!--						showEmptyGroup="{showEmptyGroup}"-->
	<!--						close="onGroupClose"-->
	<!--						items="{path: 'groupItems', templateShareable : true}"-->
	<!--						buttons="{path: 'groupButtons', templateShareable : true}">-->
	<!--						<NotificationListItem-->
	<!--								title="{title}"-->
	<!--								description="{description}"-->
	<!--								showCloseButton="{showCloseButton}"-->
	<!--								datetime="{creationDate}"-->
	<!--								unread="{unread}"-->
	<!--								priority="{priority}"-->
	<!--								close="onItemClose"-->
	<!--								press="onListItemPress"-->
							
	<!--								buttons="{path: 'itemButtons', templateShareable : true}">-->
	<!--							<buttons>-->
	<!--								<Button text="{text}" press="onItemButtonPress"/>-->
	<!--							</buttons>-->
	<!--						</NotificationListItem>-->
	<!--					<buttons>-->
	<!--						<Button text="{text}" press="onGroupButtonPress"/>-->
	<!--					</buttons>-->
	<!--				</NotificationListGroup>-->
	<!--		</List>-->
	<!--	</l:content>-->
	<!--</l:VerticalLayout>-->
	<!--</Dialog>-->
</core:FragmentDefinition>