{
    "resources": [
        {
            "name": "img/welcome_tollers.jpg"
        },
        {
            "name": "manifest.json"
        },
        {
            "name": "model/models.js"
        },
        {
            "name": "controller/reports.controller.js"
        },
        {
            "name": "controller/portal.controller.js"
        },
        {
            "name": "controller/iwb.controller.js"
        },
        {
            "name": "controller/erptoll.controller.js"
        },
        {
            "name": "controller/View1.controller.js"
        },
        {
            "name": "serviceBinding.js"
        },
        {
            "name": "Formatter.js"
        },
        {
            "name": "Component.js"
        },
        {
            "name": "manifest-bundle.zip"
        },
        {
            "name": "Component-preload.js",
            "merged": true
        },
        {
            "name": "controller/iwb-dbg.controller.js",
            "isDebug": true
        },
        {
            "name": "model/models-dbg.js",
            "isDebug": true
        },
        {
            "name": "controller/reports-dbg.controller.js",
            "isDebug": true
        },
        {
            "name": "controller/portal-dbg.controller.js",
            "isDebug": true
        },
        {
            "name": "controller/erptoll-dbg.controller.js",
            "isDebug": true
        },
        {
            "name": "controller/View1-dbg.controller.js",
            "isDebug": true
        },
        {
            "name": "serviceBinding-dbg.js",
            "isDebug": true
        },
        {
            "name": "Formatter-dbg.js",
            "isDebug": true
        },
        {
            "name": "Component-dbg.js",
            "isDebug": true
        },
        {
            "name": "../../sap-ui-version.json"
        },
        {
            "name": "neo-app.json"
        },
        {
            "name": "di.code-validation.core_issues.json"
        },
        {
            "name": "view/reports.view.xml"
        },
        {
            "name": "view/portal.view.xml"
        },
        {
            "name": "view/iwb.view.xml"
        },
        {
            "name": "view/erptoll.view.xml"
        },
        {
            "name": "view/View1.view.xml"
        },
        {
            "name": "reportimg/supllieraccuracy.png"
        },
        {
            "name": "reportimg/stockmultiple.png"
        },
        {
            "name": "reportimg/poacuuracyreport.png"
        },
        {
            "name": "reportimg/overduematerials.png"
        },
        {
            "name": "reportimg/monitorpurchaseorderitems.png"
        },
        {
            "name": "reportimg/materialsupply.png"
        },
        {
            "name": "reportimg/managepurchaseorder.png"
        },
        {
            "name": "reportimg/inventoryoverview.png"
        },
        {
            "name": "reportimg/goodsreceiptreport.png"
        },
        {
            "name": "reportimg/displaystocktransit.png"
        },
        {
            "name": "reportimg/costreport.png"
        },
        {
            "name": "reportimg/billmaterial.png"
        },
        {
            "name": "localService/metadata.xml"
        },
        {
            "name": "i18n/i18n.properties",
            "raw": "i18n/i18n.properties"
        },
        {
            "name": "img/welcome_bg.jpg"
        },
        {
            "name": "img/uploadpic.jpg"
        },
        {
            "name": "img/superuser.png"
        },
        {
            "name": "img/reporting.png"
        },
        {
            "name": "img/portal.png"
        },
        {
            "name": "img/logo.jpg"
        },
        {
            "name": "img/loginbg.jpg"
        },
        {
            "name": "img/login_fiori_bg.jpg"
        },
        {
            "name": "img/iwb.png"
        },
        {
            "name": "img/erptoll.png"
        },
        {
            "name": "img/cells.jpg"
        },
        {
            "name": "img/bgwithlogo.png"
        },
        {
            "name": "img/bg.png"
        },
        {
            "name": "img/admin.png"
        },
        {
            "name": "img/admin.jpg"
        },
        {
            "name": "img/Emmy.png"
        },
        {
            "name": "img/EMI.png"
        },
        {
            "name": "img/BITC.jpg"
        },
        {
            "name": "fragments/portal.fragment.xml"
        },
        {
            "name": "fragments/UploadMessanger.fragment.xml"
        },
        {
            "name": "css/style.css"
        },
        {
            "name": "index.html"
        }
    ]
}