{
  "view/erptoll.view.xml": 1596531488000,
  "test/unit/AllTests.js": 1596531488000,
  "test/unit/controller/View1.controller.js": 1596531488000,
  "test/integration/pages/View1.js": 1596531488000,
  "test/integration/arrangements/Startup.js": 1596531488000,
  "test/unit/unitTests.qunit.js": 1596531488000,
  "manifest.json": 1596542304578,
  "test/integration/opaTests.qunit.js": 1596531488000,
  "test/integration/NavigationJourney.js": 1596531488000,
  "test/integration/AllJourneys.js": 1596531488000,
  "test/testsuite.qunit.js": 1596531488000,
  "model/models.js": 1596531488000,
  "controller/reports.controller.js": 1596531488000,
  "controller/portal.controller.js": 1596531488000,
  "controller/iwb.controller.js": 1596531488000,
  "controller/erptoll.controller.js": 1596531488000,
  "controller/View1.controller.js": 1596531488000,
  "serviceBinding.js": 1596531488000,
  "Formatter.js": 1596531488000,
  "Component.js": 1596531488000,
  "manifest-bundle.zip": 1596542303385,
  "Component-preload.js": 1596542304292,
  "controller/iwb-dbg.controller.js": 1596531488000,
  "test/integration/pages/View1-dbg.js": 1596531488000,
  "test/integration/arrangements/Startup-dbg.js": 1596531488000,
  "test/unit/unitTests.qunit-dbg.js": 1596531488000,
  "test/unit/AllTests-dbg.js": 1596531488000,
  "test/integration/opaTests.qunit-dbg.js": 1596531488000,
  "test/integration/NavigationJourney-dbg.js": 1596531488000,
  "test/integration/AllJourneys-dbg.js": 1596531488000,
  "test/testsuite.qunit-dbg.js": 1596531488000,
  "model/models-dbg.js": 1596531488000,
  "controller/reports-dbg.controller.js": 1596531488000,
  "controller/portal-dbg.controller.js": 1596531488000,
  "test/unit/controller/View1-dbg.controller.js": 1596531488000,
  "controller/erptoll-dbg.controller.js": 1596531488000,
  "controller/View1-dbg.controller.js": 1596531488000,
  "serviceBinding-dbg.js": 1596531488000,
  "Formatter-dbg.js": 1596531488000,
  "Component-dbg.js": 1596531488000,
  "neo-app.json": 1596542304555,
  "di.code-validation.core_issues.json": 1596542307598,
  "resources.json": 1596542307642,
  "test/unit/unitTests.qunit.html": 1596531488000,
  "test/integration/opaTests.qunit.html": 1596531488000,
  "view/reports.view.xml": 1596531488000,
  "view/portal.view.xml": 1596531488000,
  "view/iwb.view.xml": 1596531488000,
  "i18n/i18n.properties": 1596531488000,
  "view/View1.view.xml": 1596531488000,
  "test/testsuite.qunit.html": 1596531488000,
  "reportimg/supllieraccuracy.png": 1596531488000,
  "reportimg/stockmultiple.png": 1596531488000,
  "reportimg/poacuuracyreport.png": 1596531488000,
  "reportimg/overduematerials.png": 1596531488000,
  "reportimg/monitorpurchaseorderitems.png": 1596531488000,
  "reportimg/materialsupply.png": 1596531488000,
  "reportimg/managepurchaseorder.png": 1596531488000,
  "reportimg/inventoryoverview.png": 1596531488000,
  "reportimg/goodsreceiptreport.png": 1596531488000,
  "reportimg/displaystocktransit.png": 1596531488000,
  "reportimg/costreport.png": 1596531488000,
  "reportimg/billmaterial.png": 1596531488000,
  "localService/metadata.xml": 1596531488000,
  "img/welcome_tollers.jpg": 1596531488000,
  "img/welcome_bg.jpg": 1596531488000,
  "img/uploadpic.jpg": 1596531488000,
  "img/superuser.png": 1596531488000,
  "img/reporting.png": 1596531488000,
  "img/portal.png": 1596531488000,
  "img/logo.jpg": 1596531488000,
  "img/loginbg.jpg": 1596531488000,
  "img/login_fiori_bg.jpg": 1596531488000,
  "img/iwb.png": 1596531488000,
  "img/erptoll.png": 1596531488000,
  "img/cells.jpg": 1596531488000,
  "img/bgwithlogo.png": 1596531488000,
  "img/bg.png": 1596531488000,
  "img/admin.png": 1596531488000,
  "img/admin.jpg": 1596531488000,
  "img/Emmy.png": 1596531488000,
  "img/EMI.png": 1596531488000,
  "img/BITC.jpg": 1596531488000,
  "fragments/portal.fragment.xml": 1596531488000,
  "fragments/UploadMessanger.fragment.xml": 1596531488000,
  "css/style.css": 1596531488000,
  "index.html": 1596531488000
}